<?xml version="1.0" encoding="UTF-8"?>
<!-- IMPORTANT: This is an internal file that has been generated
     by the Xilinx ISE software.  Any direct editing or
     changes made to this file may result in unpredictable
     behavior or data corruption.  It is strongly advised that
     users do not edit the contents of this file. -->
<DeviceUsageSummary rev="2">
<DesignStatistics TimeStamp="Thu Oct 16 13:16:39 2025"><group name="NetStatistics">
<item name="NumNets_Active" rev="2">
<attrib name="value" value="328"/></item>
<item name="NumNets_Gnd" rev="2">
<attrib name="value" value="1"/></item>
<item name="NumNets_Vcc" rev="2">
<attrib name="value" value="1"/></item>
<item name="NumNodesOfType_Active_BRAMADDR" rev="2">
<attrib name="value" value="16"/></item>
<item name="NumNodesOfType_Active_BRAMDUMMY" rev="2">
<attrib name="value" value="20"/></item>
<item name="NumNodesOfType_Active_CLKPIN" rev="2">
<attrib name="value" value="84"/></item>
<item name="NumNodesOfType_Active_CNTRLPIN" rev="2">
<attrib name="value" value="152"/></item>
<item name="NumNodesOfType_Active_DOUBLE" rev="2">
<attrib name="value" value="606"/></item>
<item name="NumNodesOfType_Active_DUMMY" rev="2">
<attrib name="value" value="332"/></item>
<item name="NumNodesOfType_Active_DUMMYBANK" rev="2">
<attrib name="value" value="11"/></item>
<item name="NumNodesOfType_Active_DUMMYESC" rev="2">
<attrib name="value" value="36"/></item>
<item name="NumNodesOfType_Active_GLOBAL" rev="2">
<attrib name="value" value="30"/></item>
<item name="NumNodesOfType_Active_HFULLHEX" rev="2">
<attrib name="value" value="5"/></item>
<item name="NumNodesOfType_Active_HLONG" rev="2">
<attrib name="value" value="1"/></item>
<item name="NumNodesOfType_Active_HUNIHEX" rev="2">
<attrib name="value" value="17"/></item>
<item name="NumNodesOfType_Active_INPUT" rev="2">
<attrib name="value" value="560"/></item>
<item name="NumNodesOfType_Active_IOBOUTPUT" rev="2">
<attrib name="value" value="36"/></item>
<item name="NumNodesOfType_Active_OMUX" rev="2">
<attrib name="value" value="234"/></item>
<item name="NumNodesOfType_Active_OUTPUT" rev="2">
<attrib name="value" value="213"/></item>
<item name="NumNodesOfType_Active_PREBXBY" rev="2">
<attrib name="value" value="241"/></item>
<item name="NumNodesOfType_Active_VFULLHEX" rev="2">
<attrib name="value" value="64"/></item>
<item name="NumNodesOfType_Active_VLONG" rev="2">
<attrib name="value" value="16"/></item>
<item name="NumNodesOfType_Active_VUNIHEX" rev="2">
<attrib name="value" value="102"/></item>
<item name="NumNodesOfType_Gnd_BRAMADDR" rev="2">
<attrib name="value" value="1"/></item>
<item name="NumNodesOfType_Gnd_BRAMDUMMY" rev="2">
<attrib name="value" value="64"/></item>
<item name="NumNodesOfType_Gnd_DOUBLE" rev="2">
<attrib name="value" value="4"/></item>
<item name="NumNodesOfType_Gnd_DUMMYBANK" rev="2">
<attrib name="value" value="5"/></item>
<item name="NumNodesOfType_Gnd_INPUT" rev="2">
<attrib name="value" value="65"/></item>
<item name="NumNodesOfType_Gnd_OMUX" rev="2">
<attrib name="value" value="6"/></item>
<item name="NumNodesOfType_Gnd_OUTPUT" rev="2">
<attrib name="value" value="1"/></item>
<item name="NumNodesOfType_Vcc_BRAMADDR" rev="2">
<attrib name="value" value="1"/></item>
<item name="NumNodesOfType_Vcc_BRAMDUMMY" rev="2">
<attrib name="value" value="2"/></item>
<item name="NumNodesOfType_Vcc_CNTRLPIN" rev="2">
<attrib name="value" value="1"/></item>
<item name="NumNodesOfType_Vcc_INPUT" rev="2">
<attrib name="value" value="3"/></item>
<item name="NumNodesOfType_Vcc_VCCOUT" rev="2">
<attrib name="value" value="2"/></item>
</group>
<group name="SiteStatistics">
<item name="IBUF-DIFFM" rev="2">
<attrib name="value" value="11"/></item>
<item name="IBUF-DIFFMI" rev="2">
<attrib name="value" value="1"/></item>
<item name="IBUF-DIFFS" rev="2">
<attrib name="value" value="10"/></item>
<item name="IBUF-DIFFSI" rev="2">
<attrib name="value" value="1"/></item>
<item name="IBUF-IOB" rev="2">
<attrib name="value" value="1"/></item>
<item name="IOB-DIFFM" rev="2">
<attrib name="value" value="17"/></item>
<item name="IOB-DIFFS" rev="2">
<attrib name="value" value="16"/></item>
<item name="SLICEL-SLICEM" rev="2">
<attrib name="value" value="54"/></item>
</group>
<group name="MiscellaneousStatistics">
<item name="AGG_BONDED_IO" rev="1">
<attrib name="value" value="71"/></item>
<item name="AGG_IO" rev="1">
<attrib name="value" value="71"/></item>
<item name="AGG_SLICE" rev="1">
<attrib name="value" value="119"/></item>
<item name="NUM_4_INPUT_LUT" rev="1">
<attrib name="value" value="103"/></item>
<item name="NUM_BONDED_IBUF" rev="1">
<attrib name="value" value="36"/></item>
<item name="NUM_BONDED_IOB" rev="1">
<attrib name="value" value="35"/></item>
<item name="NUM_BUFGMUX" rev="1">
<attrib name="value" value="1"/></item>
<item name="NUM_RAMB16" rev="1">
<attrib name="value" value="1"/></item>
<item name="NUM_SLICEL" rev="1">
<attrib name="value" value="119"/></item>
<item name="NUM_SLICE_FF" rev="1">
<attrib name="value" value="136"/></item>
<item name="Xilinx Core blk_mem_gen_v6_3, Xilinx CORE Generator 13.4" rev="1">
<attrib name="value" value="1"/></item>
</group>
</DesignStatistics>
<DeviceUsage TimeStamp="Thu Oct 16 13:16:39 2025"><group name="SiteSummary">
<item name="BUFGMUX" rev="2">
<attrib name="total" value="1000000"/><attrib name="used" value="1"/></item>
<item name="BUFGMUX_GCLKMUX" rev="2">
<attrib name="total" value="1000000"/><attrib name="used" value="1"/></item>
<item name="BUFGMUX_GCLK_BUFFER" rev="2">
<attrib name="total" value="1000000"/><attrib name="used" value="1"/></item>
<item name="IBUF" rev="2">
<attrib name="total" value="1000000"/><attrib name="used" value="36"/></item>
<item name="IBUF_INBUF" rev="2">
<attrib name="total" value="1000000"/><attrib name="used" value="36"/></item>
<item name="IBUF_PAD" rev="2">
<attrib name="total" value="1000000"/><attrib name="used" value="36"/></item>
<item name="IOB" rev="2">
<attrib name="total" value="1000000"/><attrib name="used" value="35"/></item>
<item name="IOB_OUTBUF" rev="2">
<attrib name="total" value="1000000"/><attrib name="used" value="35"/></item>
<item name="IOB_PAD" rev="2">
<attrib name="total" value="1000000"/><attrib name="used" value="35"/></item>
<item name="RAMB16" rev="2">
<attrib name="total" value="1000000"/><attrib name="used" value="1"/></item>
<item name="RAMB16_RAMB16" rev="2">
<attrib name="total" value="1000000"/><attrib name="used" value="1"/></item>
<item name="RAMB16_RAMB16A" rev="2">
<attrib name="total" value="1000000"/><attrib name="used" value="1"/></item>
<item name="RAMB16_RAMB16B" rev="2">
<attrib name="total" value="1000000"/><attrib name="used" value="1"/></item>
<item name="SLICEL" rev="2">
<attrib name="total" value="1000000"/><attrib name="used" value="119"/></item>
<item name="SLICEL_F" rev="2">
<attrib name="total" value="1000000"/><attrib name="used" value="53"/></item>
<item name="SLICEL_F5MUX" rev="2">
<attrib name="total" value="1000000"/><attrib name="used" value="18"/></item>
<item name="SLICEL_F6MUX" rev="2">
<attrib name="total" value="1000000"/><attrib name="used" value="8"/></item>
<item name="SLICEL_FFX" rev="2">
<attrib name="total" value="1000000"/><attrib name="used" value="61"/></item>
<item name="SLICEL_FFY" rev="2">
<attrib name="total" value="1000000"/><attrib name="used" value="75"/></item>
<item name="SLICEL_G" rev="2">
<attrib name="total" value="1000000"/><attrib name="used" value="50"/></item>
</group>
</DeviceUsage>
<ReportConfigData TimeStamp="Thu Oct 16 13:16:39 2025"><group name="IBUF_PAD">
<item name="IOATTRBOX" rev="2">
<attrib name="LVCMOS25" value="36"/></item>
</group>
<group name="SLICEL">
<item name="BX" rev="2">
<attrib name="BX_INV" value="0"/><attrib name="BX" value="69"/></item>
<item name="BY" rev="2">
<attrib name="BY" value="71"/><attrib name="BY_INV" value="1"/></item>
<item name="CE" rev="2">
<attrib name="CE" value="68"/><attrib name="CE_INV" value="2"/></item>
<item name="CLK" rev="2">
<attrib name="CLK" value="82"/><attrib name="CLK_INV" value="0"/></item>
<item name="SR" rev="2">
<attrib name="SR" value="66"/><attrib name="SR_INV" value="0"/></item>
</group>
<group name="SLICEL_F6MUX">
<item name="S0" rev="2">
<attrib name="S0" value="8"/><attrib name="S0_INV" value="0"/></item>
</group>
<group name="RAMB16">
<item name="CLKA" rev="2">
<attrib name="CLKA_INV" value="0"/><attrib name="CLKA" value="1"/></item>
<item name="CLKB" rev="2">
<attrib name="CLKB_INV" value="0"/><attrib name="CLKB" value="1"/></item>
<item name="ENA" rev="2">
<attrib name="ENA_INV" value="0"/><attrib name="ENA" value="1"/></item>
<item name="ENB" rev="2">
<attrib name="ENB_INV" value="0"/><attrib name="ENB" value="1"/></item>
<item name="SSRA" rev="2">
<attrib name="SSRA_INV" value="0"/><attrib name="SSRA" value="1"/></item>
<item name="SSRB" rev="2">
<attrib name="SSRB_INV" value="0"/><attrib name="SSRB" value="1"/></item>
<item name="WEA" rev="2">
<attrib name="WEA" value="1"/><attrib name="WEA_INV" value="0"/></item>
<item name="WEB" rev="2">
<attrib name="WEB" value="1"/><attrib name="WEB_INV" value="0"/></item>
</group>
<group name="IOB_OUTBUF">
<item name="IN" rev="2">
<attrib name="IN_INV" value="0"/><attrib name="IN" value="35"/></item>
<item name="TRI" rev="2">
<attrib name="TRI_INV" value="0"/><attrib name="TRI" value="16"/></item>
</group>
<group name="RAMB16_RAMB16A">
<item name="CLKA" rev="2">
<attrib name="CLKA_INV" value="0"/><attrib name="CLKA" value="1"/></item>
<item name="ENA" rev="2">
<attrib name="ENA_INV" value="0"/><attrib name="ENA" value="1"/></item>
<item name="PORTA_ATTR" rev="2">
<attrib name="512X36" value="1"/></item>
<item name="SSRA" rev="2">
<attrib name="SSRA_INV" value="0"/><attrib name="SSRA" value="1"/></item>
<item name="WEA" rev="2">
<attrib name="WEA" value="1"/><attrib name="WEA_INV" value="0"/></item>
<item name="WRITEMODEA" rev="2">
<attrib name="WRITE_FIRST" value="1"/></item>
</group>
<group name="RAMB16_RAMB16B">
<item name="CLKB" rev="2">
<attrib name="CLKB_INV" value="0"/><attrib name="CLKB" value="1"/></item>
<item name="ENB" rev="2">
<attrib name="ENB_INV" value="0"/><attrib name="ENB" value="1"/></item>
<item name="PORTB_ATTR" rev="2">
<attrib name="512X36" value="1"/></item>
<item name="SSRB" rev="2">
<attrib name="SSRB_INV" value="0"/><attrib name="SSRB" value="1"/></item>
<item name="WEB" rev="2">
<attrib name="WEB" value="1"/><attrib name="WEB_INV" value="0"/></item>
<item name="WRITEMODEB" rev="2">
<attrib name="WRITE_FIRST" value="1"/></item>
</group>
<group name="SLICEL_FFX">
<item name="CE" rev="2">
<attrib name="CE" value="54"/><attrib name="CE_INV" value="0"/></item>
<item name="CK" rev="2">
<attrib name="CK" value="61"/><attrib name="CK_INV" value="0"/></item>
<item name="D" rev="2">
<attrib name="D" value="61"/><attrib name="D_INV" value="0"/></item>
<item name="FFX_INIT_ATTR" rev="2">
<attrib name="INIT0" value="61"/></item>
<item name="FFX_SR_ATTR" rev="2">
<attrib name="SRLOW" value="61"/></item>
<item name="LATCH_OR_FF" rev="2">
<attrib name="FF" value="61"/></item>
<item name="SR" rev="2">
<attrib name="SR" value="50"/><attrib name="SR_INV" value="0"/></item>
<item name="SYNC_ATTR" rev="2">
<attrib name="ASYNC" value="61"/></item>
</group>
<group name="SLICEL_FFY">
<item name="CE" rev="2">
<attrib name="CE" value="66"/><attrib name="CE_INV" value="2"/></item>
<item name="CK" rev="2">
<attrib name="CK" value="75"/><attrib name="CK_INV" value="0"/></item>
<item name="D" rev="2">
<attrib name="D" value="74"/><attrib name="D_INV" value="1"/></item>
<item name="FFY_INIT_ATTR" rev="2">
<attrib name="INIT0" value="75"/></item>
<item name="FFY_SR_ATTR" rev="2">
<attrib name="SRLOW" value="75"/></item>
<item name="LATCH_OR_FF" rev="2">
<attrib name="FF" value="75"/></item>
<item name="SR" rev="2">
<attrib name="SR" value="59"/><attrib name="SR_INV" value="0"/></item>
<item name="SYNC_ATTR" rev="2">
<attrib name="ASYNC" value="75"/></item>
</group>
<group name="BUFGMUX_GCLKMUX">
<item name="DISABLE_ATTR" rev="2">
<attrib name="LOW" value="1"/></item>
<item name="S" rev="2">
<attrib name="S_INV" value="1"/><attrib name="S" value="0"/></item>
</group>
<group name="SLICEL_F5MUX">
<item name="S0" rev="2">
<attrib name="S0" value="18"/><attrib name="S0_INV" value="0"/></item>
</group>
<group name="IOB_PAD">
<item name="DRIVEATTRBOX" rev="2">
<attrib name="12" value="35"/></item>
<item name="IOATTRBOX" rev="2">
<attrib name="LVCMOS25" value="35"/></item>
<item name="SLEW" rev="2">
<attrib name="SLOW" value="35"/></item>
</group>
<group name="IOB">
<item name="O1" rev="2">
<attrib name="O1_INV" value="0"/><attrib name="O1" value="35"/></item>
<item name="T1" rev="2">
<attrib name="T1_INV" value="0"/><attrib name="T1" value="16"/></item>
</group>
<group name="BUFGMUX">
<item name="S" rev="2">
<attrib name="S_INV" value="1"/><attrib name="S" value="0"/></item>
</group>
</ReportConfigData>
<ReportPinData TimeStamp="Thu Oct 16 13:16:39 2025"><group name="IBUF_PAD">
<item name="PAD" rev="2">
<attrib name="value" value="36"/></item>
</group>
<group name="IBUF_INBUF">
<item name="IN" rev="2">
<attrib name="value" value="36"/></item>
<item name="OUT" rev="2">
<attrib name="value" value="36"/></item>
</group>
<group name="BUFGMUX_GCLK_BUFFER">
<item name="IN" rev="2">
<attrib name="value" value="1"/></item>
<item name="OUT" rev="2">
<attrib name="value" value="1"/></item>
</group>
<group name="SLICEL">
<item name="BX" rev="2">
<attrib name="value" value="69"/></item>
<item name="BY" rev="2">
<attrib name="value" value="72"/></item>
<item name="CE" rev="2">
<attrib name="value" value="70"/></item>
<item name="CLK" rev="2">
<attrib name="value" value="82"/></item>
<item name="F1" rev="2">
<attrib name="value" value="53"/></item>
<item name="F2" rev="2">
<attrib name="value" value="53"/></item>
<item name="F3" rev="2">
<attrib name="value" value="51"/></item>
<item name="F4" rev="2">
<attrib name="value" value="15"/></item>
<item name="F5" rev="2">
<attrib name="value" value="16"/></item>
<item name="FXINA" rev="2">
<attrib name="value" value="8"/></item>
<item name="FXINB" rev="2">
<attrib name="value" value="8"/></item>
<item name="G1" rev="2">
<attrib name="value" value="50"/></item>
<item name="G2" rev="2">
<attrib name="value" value="50"/></item>
<item name="G3" rev="2">
<attrib name="value" value="47"/></item>
<item name="G4" rev="2">
<attrib name="value" value="12"/></item>
<item name="SR" rev="2">
<attrib name="value" value="66"/></item>
<item name="X" rev="2">
<attrib name="value" value="28"/></item>
<item name="XQ" rev="2">
<attrib name="value" value="61"/></item>
<item name="Y" rev="2">
<attrib name="value" value="32"/></item>
<item name="YQ" rev="2">
<attrib name="value" value="75"/></item>
</group>
<group name="SLICEL_F6MUX">
<item name="0" rev="2">
<attrib name="value" value="8"/></item>
<item name="1" rev="2">
<attrib name="value" value="8"/></item>
<item name="OUT" rev="2">
<attrib name="value" value="8"/></item>
<item name="S0" rev="2">
<attrib name="value" value="8"/></item>
</group>
<group name="RAMB16">
<item name="ADDRA10" rev="2">
<attrib name="value" value="1"/></item>
<item name="ADDRA11" rev="2">
<attrib name="value" value="1"/></item>
<item name="ADDRA12" rev="2">
<attrib name="value" value="1"/></item>
<item name="ADDRA13" rev="2">
<attrib name="value" value="1"/></item>
<item name="ADDRA5" rev="2">
<attrib name="value" value="1"/></item>
<item name="ADDRA6" rev="2">
<attrib name="value" value="1"/></item>
<item name="ADDRA7" rev="2">
<attrib name="value" value="1"/></item>
<item name="ADDRA8" rev="2">
<attrib name="value" value="1"/></item>
<item name="ADDRA9" rev="2">
<attrib name="value" value="1"/></item>
<item name="ADDRB10" rev="2">
<attrib name="value" value="1"/></item>
<item name="ADDRB11" rev="2">
<attrib name="value" value="1"/></item>
<item name="ADDRB12" rev="2">
<attrib name="value" value="1"/></item>
<item name="ADDRB13" rev="2">
<attrib name="value" value="1"/></item>
<item name="ADDRB5" rev="2">
<attrib name="value" value="1"/></item>
<item name="ADDRB6" rev="2">
<attrib name="value" value="1"/></item>
<item name="ADDRB7" rev="2">
<attrib name="value" value="1"/></item>
<item name="ADDRB8" rev="2">
<attrib name="value" value="1"/></item>
<item name="ADDRB9" rev="2">
<attrib name="value" value="1"/></item>
<item name="CLKA" rev="2">
<attrib name="value" value="1"/></item>
<item name="CLKB" rev="2">
<attrib name="value" value="1"/></item>
<item name="DIA0" rev="2">
<attrib name="value" value="1"/></item>
<item name="DIA1" rev="2">
<attrib name="value" value="1"/></item>
<item name="DIA10" rev="2">
<attrib name="value" value="1"/></item>
<item name="DIA11" rev="2">
<attrib name="value" value="1"/></item>
<item name="DIA12" rev="2">
<attrib name="value" value="1"/></item>
<item name="DIA13" rev="2">
<attrib name="value" value="1"/></item>
<item name="DIA14" rev="2">
<attrib name="value" value="1"/></item>
<item name="DIA15" rev="2">
<attrib name="value" value="1"/></item>
<item name="DIA16" rev="2">
<attrib name="value" value="1"/></item>
<item name="DIA17" rev="2">
<attrib name="value" value="1"/></item>
<item name="DIA18" rev="2">
<attrib name="value" value="1"/></item>
<item name="DIA19" rev="2">
<attrib name="value" value="1"/></item>
<item name="DIA2" rev="2">
<attrib name="value" value="1"/></item>
<item name="DIA20" rev="2">
<attrib name="value" value="1"/></item>
<item name="DIA21" rev="2">
<attrib name="value" value="1"/></item>
<item name="DIA22" rev="2">
<attrib name="value" value="1"/></item>
<item name="DIA23" rev="2">
<attrib name="value" value="1"/></item>
<item name="DIA24" rev="2">
<attrib name="value" value="1"/></item>
<item name="DIA25" rev="2">
<attrib name="value" value="1"/></item>
<item name="DIA26" rev="2">
<attrib name="value" value="1"/></item>
<item name="DIA27" rev="2">
<attrib name="value" value="1"/></item>
<item name="DIA28" rev="2">
<attrib name="value" value="1"/></item>
<item name="DIA29" rev="2">
<attrib name="value" value="1"/></item>
<item name="DIA3" rev="2">
<attrib name="value" value="1"/></item>
<item name="DIA30" rev="2">
<attrib name="value" value="1"/></item>
<item name="DIA31" rev="2">
<attrib name="value" value="1"/></item>
<item name="DIA4" rev="2">
<attrib name="value" value="1"/></item>
<item name="DIA5" rev="2">
<attrib name="value" value="1"/></item>
<item name="DIA6" rev="2">
<attrib name="value" value="1"/></item>
<item name="DIA7" rev="2">
<attrib name="value" value="1"/></item>
<item name="DIA8" rev="2">
<attrib name="value" value="1"/></item>
<item name="DIA9" rev="2">
<attrib name="value" value="1"/></item>
<item name="DIB0" rev="2">
<attrib name="value" value="1"/></item>
<item name="DIB1" rev="2">
<attrib name="value" value="1"/></item>
<item name="DIB10" rev="2">
<attrib name="value" value="1"/></item>
<item name="DIB11" rev="2">
<attrib name="value" value="1"/></item>
<item name="DIB12" rev="2">
<attrib name="value" value="1"/></item>
<item name="DIB13" rev="2">
<attrib name="value" value="1"/></item>
<item name="DIB14" rev="2">
<attrib name="value" value="1"/></item>
<item name="DIB15" rev="2">
<attrib name="value" value="1"/></item>
<item name="DIB16" rev="2">
<attrib name="value" value="1"/></item>
<item name="DIB17" rev="2">
<attrib name="value" value="1"/></item>
<item name="DIB18" rev="2">
<attrib name="value" value="1"/></item>
<item name="DIB19" rev="2">
<attrib name="value" value="1"/></item>
<item name="DIB2" rev="2">
<attrib name="value" value="1"/></item>
<item name="DIB20" rev="2">
<attrib name="value" value="1"/></item>
<item name="DIB21" rev="2">
<attrib name="value" value="1"/></item>
<item name="DIB22" rev="2">
<attrib name="value" value="1"/></item>
<item name="DIB23" rev="2">
<attrib name="value" value="1"/></item>
<item name="DIB24" rev="2">
<attrib name="value" value="1"/></item>
<item name="DIB25" rev="2">
<attrib name="value" value="1"/></item>
<item name="DIB26" rev="2">
<attrib name="value" value="1"/></item>
<item name="DIB27" rev="2">
<attrib name="value" value="1"/></item>
<item name="DIB28" rev="2">
<attrib name="value" value="1"/></item>
<item name="DIB29" rev="2">
<attrib name="value" value="1"/></item>
<item name="DIB3" rev="2">
<attrib name="value" value="1"/></item>
<item name="DIB30" rev="2">
<attrib name="value" value="1"/></item>
<item name="DIB31" rev="2">
<attrib name="value" value="1"/></item>
<item name="DIB4" rev="2">
<attrib name="value" value="1"/></item>
<item name="DIB5" rev="2">
<attrib name="value" value="1"/></item>
<item name="DIB6" rev="2">
<attrib name="value" value="1"/></item>
<item name="DIB7" rev="2">
<attrib name="value" value="1"/></item>
<item name="DIB8" rev="2">
<attrib name="value" value="1"/></item>
<item name="DIB9" rev="2">
<attrib name="value" value="1"/></item>
<item name="DIPA0" rev="2">
<attrib name="value" value="1"/></item>
<item name="DIPA1" rev="2">
<attrib name="value" value="1"/></item>
<item name="DIPA2" rev="2">
<attrib name="value" value="1"/></item>
<item name="DIPA3" rev="2">
<attrib name="value" value="1"/></item>
<item name="DIPB0" rev="2">
<attrib name="value" value="1"/></item>
<item name="DIPB1" rev="2">
<attrib name="value" value="1"/></item>
<item name="DIPB2" rev="2">
<attrib name="value" value="1"/></item>
<item name="DIPB3" rev="2">
<attrib name="value" value="1"/></item>
<item name="DOA0" rev="2">
<attrib name="value" value="1"/></item>
<item name="DOA16" rev="2">
<attrib name="value" value="1"/></item>
<item name="DOA24" rev="2">
<attrib name="value" value="1"/></item>
<item name="DOA8" rev="2">
<attrib name="value" value="1"/></item>
<item name="DOB0" rev="2">
<attrib name="value" value="1"/></item>
<item name="DOB16" rev="2">
<attrib name="value" value="1"/></item>
<item name="DOB24" rev="2">
<attrib name="value" value="1"/></item>
<item name="DOB8" rev="2">
<attrib name="value" value="1"/></item>
<item name="ENA" rev="2">
<attrib name="value" value="1"/></item>
<item name="ENB" rev="2">
<attrib name="value" value="1"/></item>
<item name="SSRA" rev="2">
<attrib name="value" value="1"/></item>
<item name="SSRB" rev="2">
<attrib name="value" value="1"/></item>
<item name="WEA" rev="2">
<attrib name="value" value="1"/></item>
<item name="WEB" rev="2">
<attrib name="value" value="1"/></item>
</group>
<group name="IOB_OUTBUF">
<item name="IN" rev="2">
<attrib name="value" value="35"/></item>
<item name="OUT" rev="2">
<attrib name="value" value="35"/></item>
<item name="TRI" rev="2">
<attrib name="value" value="16"/></item>
</group>
<group name="RAMB16_RAMB16A">
<item name="ADDRA" rev="2">
<attrib name="value" value="1"/></item>
<item name="ADDRA10" rev="2">
<attrib name="value" value="1"/></item>
<item name="ADDRA11" rev="2">
<attrib name="value" value="1"/></item>
<item name="ADDRA12" rev="2">
<attrib name="value" value="1"/></item>
<item name="ADDRA13" rev="2">
<attrib name="value" value="1"/></item>
<item name="ADDRA5" rev="2">
<attrib name="value" value="1"/></item>
<item name="ADDRA6" rev="2">
<attrib name="value" value="1"/></item>
<item name="ADDRA7" rev="2">
<attrib name="value" value="1"/></item>
<item name="ADDRA8" rev="2">
<attrib name="value" value="1"/></item>
<item name="ADDRA9" rev="2">
<attrib name="value" value="1"/></item>
<item name="CLKA" rev="2">
<attrib name="value" value="1"/></item>
<item name="DIA" rev="2">
<attrib name="value" value="1"/></item>
<item name="DIA0" rev="2">
<attrib name="value" value="1"/></item>
<item name="DIA1" rev="2">
<attrib name="value" value="1"/></item>
<item name="DIA10" rev="2">
<attrib name="value" value="1"/></item>
<item name="DIA11" rev="2">
<attrib name="value" value="1"/></item>
<item name="DIA12" rev="2">
<attrib name="value" value="1"/></item>
<item name="DIA13" rev="2">
<attrib name="value" value="1"/></item>
<item name="DIA14" rev="2">
<attrib name="value" value="1"/></item>
<item name="DIA15" rev="2">
<attrib name="value" value="1"/></item>
<item name="DIA16" rev="2">
<attrib name="value" value="1"/></item>
<item name="DIA17" rev="2">
<attrib name="value" value="1"/></item>
<item name="DIA18" rev="2">
<attrib name="value" value="1"/></item>
<item name="DIA19" rev="2">
<attrib name="value" value="1"/></item>
<item name="DIA2" rev="2">
<attrib name="value" value="1"/></item>
<item name="DIA20" rev="2">
<attrib name="value" value="1"/></item>
<item name="DIA21" rev="2">
<attrib name="value" value="1"/></item>
<item name="DIA22" rev="2">
<attrib name="value" value="1"/></item>
<item name="DIA23" rev="2">
<attrib name="value" value="1"/></item>
<item name="DIA24" rev="2">
<attrib name="value" value="1"/></item>
<item name="DIA25" rev="2">
<attrib name="value" value="1"/></item>
<item name="DIA26" rev="2">
<attrib name="value" value="1"/></item>
<item name="DIA27" rev="2">
<attrib name="value" value="1"/></item>
<item name="DIA28" rev="2">
<attrib name="value" value="1"/></item>
<item name="DIA29" rev="2">
<attrib name="value" value="1"/></item>
<item name="DIA3" rev="2">
<attrib name="value" value="1"/></item>
<item name="DIA30" rev="2">
<attrib name="value" value="1"/></item>
<item name="DIA31" rev="2">
<attrib name="value" value="1"/></item>
<item name="DIA4" rev="2">
<attrib name="value" value="1"/></item>
<item name="DIA5" rev="2">
<attrib name="value" value="1"/></item>
<item name="DIA6" rev="2">
<attrib name="value" value="1"/></item>
<item name="DIA7" rev="2">
<attrib name="value" value="1"/></item>
<item name="DIA8" rev="2">
<attrib name="value" value="1"/></item>
<item name="DIA9" rev="2">
<attrib name="value" value="1"/></item>
<item name="DIPA0" rev="2">
<attrib name="value" value="1"/></item>
<item name="DIPA1" rev="2">
<attrib name="value" value="1"/></item>
<item name="DIPA2" rev="2">
<attrib name="value" value="1"/></item>
<item name="DIPA3" rev="2">
<attrib name="value" value="1"/></item>
<item name="DOA" rev="2">
<attrib name="value" value="1"/></item>
<item name="DOA0" rev="2">
<attrib name="value" value="1"/></item>
<item name="DOA16" rev="2">
<attrib name="value" value="1"/></item>
<item name="DOA24" rev="2">
<attrib name="value" value="1"/></item>
<item name="DOA8" rev="2">
<attrib name="value" value="1"/></item>
<item name="ENA" rev="2">
<attrib name="value" value="1"/></item>
<item name="SSRA" rev="2">
<attrib name="value" value="1"/></item>
<item name="WEA" rev="2">
<attrib name="value" value="1"/></item>
</group>
<group name="RAMB16_RAMB16B">
<item name="ADDRB" rev="2">
<attrib name="value" value="1"/></item>
<item name="ADDRB10" rev="2">
<attrib name="value" value="1"/></item>
<item name="ADDRB11" rev="2">
<attrib name="value" value="1"/></item>
<item name="ADDRB12" rev="2">
<attrib name="value" value="1"/></item>
<item name="ADDRB13" rev="2">
<attrib name="value" value="1"/></item>
<item name="ADDRB5" rev="2">
<attrib name="value" value="1"/></item>
<item name="ADDRB6" rev="2">
<attrib name="value" value="1"/></item>
<item name="ADDRB7" rev="2">
<attrib name="value" value="1"/></item>
<item name="ADDRB8" rev="2">
<attrib name="value" value="1"/></item>
<item name="ADDRB9" rev="2">
<attrib name="value" value="1"/></item>
<item name="CLKB" rev="2">
<attrib name="value" value="1"/></item>
<item name="DIB" rev="2">
<attrib name="value" value="1"/></item>
<item name="DIB0" rev="2">
<attrib name="value" value="1"/></item>
<item name="DIB1" rev="2">
<attrib name="value" value="1"/></item>
<item name="DIB10" rev="2">
<attrib name="value" value="1"/></item>
<item name="DIB11" rev="2">
<attrib name="value" value="1"/></item>
<item name="DIB12" rev="2">
<attrib name="value" value="1"/></item>
<item name="DIB13" rev="2">
<attrib name="value" value="1"/></item>
<item name="DIB14" rev="2">
<attrib name="value" value="1"/></item>
<item name="DIB15" rev="2">
<attrib name="value" value="1"/></item>
<item name="DIB16" rev="2">
<attrib name="value" value="1"/></item>
<item name="DIB17" rev="2">
<attrib name="value" value="1"/></item>
<item name="DIB18" rev="2">
<attrib name="value" value="1"/></item>
<item name="DIB19" rev="2">
<attrib name="value" value="1"/></item>
<item name="DIB2" rev="2">
<attrib name="value" value="1"/></item>
<item name="DIB20" rev="2">
<attrib name="value" value="1"/></item>
<item name="DIB21" rev="2">
<attrib name="value" value="1"/></item>
<item name="DIB22" rev="2">
<attrib name="value" value="1"/></item>
<item name="DIB23" rev="2">
<attrib name="value" value="1"/></item>
<item name="DIB24" rev="2">
<attrib name="value" value="1"/></item>
<item name="DIB25" rev="2">
<attrib name="value" value="1"/></item>
<item name="DIB26" rev="2">
<attrib name="value" value="1"/></item>
<item name="DIB27" rev="2">
<attrib name="value" value="1"/></item>
<item name="DIB28" rev="2">
<attrib name="value" value="1"/></item>
<item name="DIB29" rev="2">
<attrib name="value" value="1"/></item>
<item name="DIB3" rev="2">
<attrib name="value" value="1"/></item>
<item name="DIB30" rev="2">
<attrib name="value" value="1"/></item>
<item name="DIB31" rev="2">
<attrib name="value" value="1"/></item>
<item name="DIB4" rev="2">
<attrib name="value" value="1"/></item>
<item name="DIB5" rev="2">
<attrib name="value" value="1"/></item>
<item name="DIB6" rev="2">
<attrib name="value" value="1"/></item>
<item name="DIB7" rev="2">
<attrib name="value" value="1"/></item>
<item name="DIB8" rev="2">
<attrib name="value" value="1"/></item>
<item name="DIB9" rev="2">
<attrib name="value" value="1"/></item>
<item name="DIPB0" rev="2">
<attrib name="value" value="1"/></item>
<item name="DIPB1" rev="2">
<attrib name="value" value="1"/></item>
<item name="DIPB2" rev="2">
<attrib name="value" value="1"/></item>
<item name="DIPB3" rev="2">
<attrib name="value" value="1"/></item>
<item name="DOB" rev="2">
<attrib name="value" value="1"/></item>
<item name="DOB0" rev="2">
<attrib name="value" value="1"/></item>
<item name="DOB16" rev="2">
<attrib name="value" value="1"/></item>
<item name="DOB24" rev="2">
<attrib name="value" value="1"/></item>
<item name="DOB8" rev="2">
<attrib name="value" value="1"/></item>
<item name="ENB" rev="2">
<attrib name="value" value="1"/></item>
<item name="SSRB" rev="2">
<attrib name="value" value="1"/></item>
<item name="WEB" rev="2">
<attrib name="value" value="1"/></item>
</group>
<group name="IBUF">
<item name="I" rev="2">
<attrib name="value" value="36"/></item>
<item name="PAD" rev="2">
<attrib name="value" value="36"/></item>
</group>
<group name="SLICEL_FFX">
<item name="CE" rev="2">
<attrib name="value" value="54"/></item>
<item name="CK" rev="2">
<attrib name="value" value="61"/></item>
<item name="D" rev="2">
<attrib name="value" value="61"/></item>
<item name="Q" rev="2">
<attrib name="value" value="61"/></item>
<item name="SR" rev="2">
<attrib name="value" value="50"/></item>
</group>
<group name="SLICEL_FFY">
<item name="CE" rev="2">
<attrib name="value" value="68"/></item>
<item name="CK" rev="2">
<attrib name="value" value="75"/></item>
<item name="D" rev="2">
<attrib name="value" value="75"/></item>
<item name="Q" rev="2">
<attrib name="value" value="75"/></item>
<item name="SR" rev="2">
<attrib name="value" value="59"/></item>
</group>
<group name="BUFGMUX_GCLKMUX">
<item name="I0" rev="2">
<attrib name="value" value="1"/></item>
<item name="OUT" rev="2">
<attrib name="value" value="1"/></item>
<item name="S" rev="2">
<attrib name="value" value="1"/></item>
</group>
<group name="SLICEL_F5MUX">
<item name="F" rev="2">
<attrib name="value" value="18"/></item>
<item name="G" rev="2">
<attrib name="value" value="18"/></item>
<item name="OUT" rev="2">
<attrib name="value" value="18"/></item>
<item name="S0" rev="2">
<attrib name="value" value="18"/></item>
</group>
<group name="IOB_PAD">
<item name="PAD" rev="2">
<attrib name="value" value="35"/></item>
</group>
<group name="IOB">
<item name="O1" rev="2">
<attrib name="value" value="35"/></item>
<item name="PAD" rev="2">
<attrib name="value" value="35"/></item>
<item name="T1" rev="2">
<attrib name="value" value="16"/></item>
</group>
<group name="BUFGMUX">
<item name="I0" rev="2">
<attrib name="value" value="1"/></item>
<item name="O" rev="2">
<attrib name="value" value="1"/></item>
<item name="S" rev="2">
<attrib name="value" value="1"/></item>
</group>
<group name="SLICEL_F">
<item name="A1" rev="2">
<attrib name="value" value="53"/></item>
<item name="A2" rev="2">
<attrib name="value" value="53"/></item>
<item name="A3" rev="2">
<attrib name="value" value="51"/></item>
<item name="A4" rev="2">
<attrib name="value" value="15"/></item>
<item name="D" rev="2">
<attrib name="value" value="53"/></item>
</group>
<group name="SLICEL_G">
<item name="A1" rev="2">
<attrib name="value" value="50"/></item>
<item name="A2" rev="2">
<attrib name="value" value="50"/></item>
<item name="A3" rev="2">
<attrib name="value" value="47"/></item>
<item name="A4" rev="2">
<attrib name="value" value="12"/></item>
<item name="D" rev="2">
<attrib name="value" value="50"/></item>
</group>
<group name="RAMB16_RAMB16">
<item name="ADDRA" rev="2">
<attrib name="value" value="1"/></item>
<item name="ADDRB" rev="2">
<attrib name="value" value="1"/></item>
<item name="DIA" rev="2">
<attrib name="value" value="1"/></item>
<item name="DIB" rev="2">
<attrib name="value" value="1"/></item>
<item name="DOA" rev="2">
<attrib name="value" value="1"/></item>
<item name="DOB" rev="2">
<attrib name="value" value="1"/></item>
</group>
</ReportPinData>
<CmdHistory>
</CmdHistory>
</DeviceUsageSummary>
